{
    "key": "taxonomy_66ab6218a4524",
    "title": "Model",
    "menu_order": 0,
    "active": true,
    "taxonomy": "model",
    "object_type": [
        "product"
    ],
    "advanced_configuration": 0,
    "import_source": "",
    "import_date": "",
    "labels": {
        "name": "Model",
        "singular_name": "Model",
        "menu_name": "Model",
        "all_items": "All Model",
        "edit_item": "Edit Model",
        "view_item": "View Model",
        "update_item": "Update Model",
        "add_new_item": "Add New Model",
        "new_item_name": "New Model Name",
        "search_items": "Search Model",
        "popular_items": "Popular Model",
        "separate_items_with_commas": "Separate model with commas",
        "add_or_remove_items": "Add or remove model",
        "choose_from_most_used": "Choose from the most used model",
        "most_used": "",
        "not_found": "No model found",
        "no_terms": "No model",
        "name_field_description": "",
        "slug_field_description": "",
        "desc_field_description": "",
        "items_list_navigation": "Model list navigation",
        "items_list": "Model list",
        "back_to_items": "← Go to model",
        "item_link": "Model Link",
        "item_link_description": "A link to a model"
    },
    "description": "",
    "capabilities": {
        "manage_terms": "manage_categories",
        "edit_terms": "manage_categories",
        "delete_terms": "manage_categories",
        "assign_terms": "edit_posts"
    },
    "public": 1,
    "publicly_queryable": 1,
    "hierarchical": 0,
    "show_ui": 1,
    "show_in_menu": 1,
    "show_in_nav_menus": 1,
    "show_in_rest": 1,
    "rest_base": "",
    "rest_namespace": "wp\/v2",
    "rest_controller_class": "WP_REST_Terms_Controller",
    "show_tagcloud": 1,
    "show_in_quick_edit": 1,
    "show_admin_column": 0,
    "rewrite": {
        "permalink_rewrite": "taxonomy_key",
        "with_front": "1",
        "rewrite_hierarchical": "0"
    },
    "query_var": "post_type_key",
    "query_var_name": "",
    "default_term": {
        "default_term_enabled": "0"
    },
    "sort": 0,
    "meta_box": "default",
    "meta_box_cb": "",
    "meta_box_sanitize_cb": "",
    "modified": 1722507812
}
