{
    "key": "taxonomy_66ab61622fe22",
    "title": "Years",
    "menu_order": 0,
    "active": true,
    "taxonomy": "years",
    "object_type": [
        "product"
    ],
    "advanced_configuration": 0,
    "import_source": "",
    "import_date": "",
    "labels": {
        "name": "Years",
        "singular_name": "Year",
        "menu_name": "Years",
        "all_items": "All Years",
        "edit_item": "Edit Year",
        "view_item": "View Year",
        "update_item": "Update Year",
        "add_new_item": "Add New Year",
        "new_item_name": "New Year Name",
        "search_items": "Search Years",
        "popular_items": "Popular Years",
        "separate_items_with_commas": "Separate years with commas",
        "add_or_remove_items": "Add or remove years",
        "choose_from_most_used": "Choose from the most used years",
        "most_used": "",
        "not_found": "No years found",
        "no_terms": "No years",
        "name_field_description": "",
        "slug_field_description": "",
        "desc_field_description": "",
        "items_list_navigation": "Years list navigation",
        "items_list": "Years list",
        "back_to_items": "← Go to years",
        "item_link": "Year Link",
        "item_link_description": "A link to a year"
    },
    "description": "",
    "capabilities": {
        "manage_terms": "manage_categories",
        "edit_terms": "manage_categories",
        "delete_terms": "manage_categories",
        "assign_terms": "edit_posts"
    },
    "public": 1,
    "publicly_queryable": 1,
    "hierarchical": 0,
    "show_ui": 1,
    "show_in_menu": 1,
    "show_in_nav_menus": 1,
    "show_in_rest": 1,
    "rest_base": "",
    "rest_namespace": "wp\/v2",
    "rest_controller_class": "WP_REST_Terms_Controller",
    "show_tagcloud": 1,
    "show_in_quick_edit": 1,
    "show_admin_column": 0,
    "rewrite": {
        "permalink_rewrite": "taxonomy_key",
        "with_front": "1",
        "rewrite_hierarchical": "0"
    },
    "query_var": "post_type_key",
    "query_var_name": "",
    "default_term": {
        "default_term_enabled": "0"
    },
    "sort": 0,
    "meta_box": "default",
    "meta_box_cb": "",
    "meta_box_sanitize_cb": "",
    "modified": 1722513310
}
