{
    "key": "taxonomy_66ab61bddb90e",
    "title": "Make",
    "menu_order": 0,
    "active": true,
    "taxonomy": "make",
    "object_type": [
        "product"
    ],
    "advanced_configuration": 0,
    "import_source": "",
    "import_date": "",
    "labels": {
        "name": "Make",
        "singular_name": "Make",
        "menu_name": "Make",
        "all_items": "All Make",
        "edit_item": "Edit Make",
        "view_item": "View Make",
        "update_item": "Update Make",
        "add_new_item": "Add New Make",
        "new_item_name": "New Make Name",
        "search_items": "Search Make",
        "popular_items": "Popular Make",
        "separate_items_with_commas": "Separate make with commas",
        "add_or_remove_items": "Add or remove make",
        "choose_from_most_used": "Choose from the most used make",
        "most_used": "",
        "not_found": "No make found",
        "no_terms": "No make",
        "name_field_description": "",
        "slug_field_description": "",
        "desc_field_description": "",
        "items_list_navigation": "Make list navigation",
        "items_list": "Make list",
        "back_to_items": "← Go to make",
        "item_link": "Make Link",
        "item_link_description": "A link to a make"
    },
    "description": "",
    "capabilities": {
        "manage_terms": "manage_categories",
        "edit_terms": "manage_categories",
        "delete_terms": "manage_categories",
        "assign_terms": "edit_posts"
    },
    "public": 1,
    "publicly_queryable": 1,
    "hierarchical": 0,
    "show_ui": 1,
    "show_in_menu": 1,
    "show_in_nav_menus": 1,
    "show_in_rest": 1,
    "rest_base": "",
    "rest_namespace": "wp\/v2",
    "rest_controller_class": "WP_REST_Terms_Controller",
    "show_tagcloud": 1,
    "show_in_quick_edit": 1,
    "show_admin_column": 0,
    "rewrite": {
        "permalink_rewrite": "taxonomy_key",
        "with_front": "1",
        "rewrite_hierarchical": "0"
    },
    "query_var": "post_type_key",
    "query_var_name": "",
    "default_term": {
        "default_term_enabled": "0"
    },
    "sort": 0,
    "meta_box": "default",
    "meta_box_cb": "",
    "meta_box_sanitize_cb": "",
    "modified": 1722507725
}
