{
    "key": "taxonomy_66ab623cb13f4",
    "title": "Sub-Model",
    "menu_order": 0,
    "active": true,
    "taxonomy": "sub-model",
    "object_type": [
        "product"
    ],
    "advanced_configuration": 0,
    "import_source": "",
    "import_date": "",
    "labels": {
        "name": "Sub-Model",
        "singular_name": "Sub-Model",
        "menu_name": "Sub-Model",
        "all_items": "All Sub-Model",
        "edit_item": "Edit Sub-Model",
        "view_item": "View Sub-Model",
        "update_item": "Update Sub-Model",
        "add_new_item": "Add New Sub-Model",
        "new_item_name": "New Sub-Model Name",
        "search_items": "Search Sub-Model",
        "popular_items": "Popular Sub-Model",
        "separate_items_with_commas": "Separate sub-model with commas",
        "add_or_remove_items": "Add or remove sub-model",
        "choose_from_most_used": "Choose from the most used sub-model",
        "most_used": "",
        "not_found": "No sub-model found",
        "no_terms": "No sub-model",
        "name_field_description": "",
        "slug_field_description": "",
        "desc_field_description": "",
        "items_list_navigation": "Sub-Model list navigation",
        "items_list": "Sub-Model list",
        "back_to_items": "← Go to sub-model",
        "item_link": "Sub-Model Link",
        "item_link_description": "A link to a sub-model"
    },
    "description": "",
    "capabilities": {
        "manage_terms": "manage_categories",
        "edit_terms": "manage_categories",
        "delete_terms": "manage_categories",
        "assign_terms": "edit_posts"
    },
    "public": 1,
    "publicly_queryable": 1,
    "hierarchical": 0,
    "show_ui": 1,
    "show_in_menu": 1,
    "show_in_nav_menus": 1,
    "show_in_rest": 1,
    "rest_base": "",
    "rest_namespace": "wp\/v2",
    "rest_controller_class": "WP_REST_Terms_Controller",
    "show_tagcloud": 1,
    "show_in_quick_edit": 1,
    "show_admin_column": 0,
    "rewrite": {
        "permalink_rewrite": "taxonomy_key",
        "with_front": "1",
        "rewrite_hierarchical": "0"
    },
    "query_var": "post_type_key",
    "query_var_name": "",
    "default_term": {
        "default_term_enabled": "0"
    },
    "sort": 0,
    "meta_box": "default",
    "meta_box_cb": "",
    "meta_box_sanitize_cb": "",
    "modified": 1722507848
}
